"","species","labels"
"1","Liparis ambohimangana","EN"
"2","Liparis bautingensis","EN"
"3","Liparis bulbophylloides","VU"
"4","Liparis glaucescens","VU"
"5","Liparis goodyeroides","CR"
"6","Liparis henrici","VU"
"7","Liparis longicaulis","VU"
"8","Liparis longipetala","LC"
"9","Liparis petelotii","LC"
"10","Liparis philippinensis","LC"
"11","Liparis puncticulata","VU"
"12","Benthamia calceolata","EN"
"13","Liparis swenssonii","LC"
"14","Benthamia elata","EN"
"15","Benthamia glaberrima","NT"
"16","Lueddemannia pescatorei","LC"
"17","Benthamia humbertii","EN"
"18","Macradenia paraensis","LC"
"19","Benthamia monophylla","NT"
"20","Benthamia nigrescens","EN"
"21","Malaxis bayardii","CR"
"22","Malaxis brachystachys","LC"
"23","Benthamia nivea","EN"
"24","Benthamia perularioides","VU"
"25","Malaxis javesiae","LC"
"26","Benthamia praecox","EN"
"27","Malaxis lepanthiflora","LC"
"28","Benthamia procera","EN"
"29","Benthamia rostrata","EN"
"30","Malaxis muscifera","VU"
"31","Malaxis wendtii","NT"
"32","Masdevallia notosibirica","VU"
"33","Masdevallia strumifera","LC"
"34","Maxillaria angustisegmenta","LC"
"35","Bletia ensifolia","LC"
"36","Microcoelia bulbocalcarata","LC"
"37","Brachionidium dressleri","EN"
"38","Myrmecophila thomsoniana","EN"
"39","Mystacidium nguruense","CR"
"40","Mystacidium pulchellum","EN"
"41","Neobolusia ciliata","EN"
"42","Neottia acuminata","LC"
"43","Neottia cordata","LC"
"44","Neottia nidus-avis","LC"
"45","Brachionidium pteroglossum","CR"
"46","Brachycorythis disoides","VU"
"47","Oeceoclades maculata","LC"
"48","Oeonia brauniana","VU"
"49","Oligophyton drummondii","LC"
"50","Oncidium dactyliferum","LC"
"51","Oncidium ensatum","LC"
"52","Oncidium hastilabium","LC"
"53","Oncidium planilabre","LC"
"54","Ophrys argolica","VU"
"55","Ophrys atlantica","LC"
"56","Ophrys bertolonii","LC"
"57","Ophrys insectifera","LC"
"58","Ophrys kotschyi","NT"
"59","Ophrys lunulata","LC"
"60","Orchis brancifortii","LC"
"61","Orchis laeta","NT"
"62","Orchis pauciflora","LC"
"63","Orchis quadripunctata","LC"
"64","Orchis sitiaca","EN"
"65","Oreorchis oligantha","LC"
"66","Orleanesia amazonica","LC"
"67","Acianthera saundersiana","LC"
"68","Pachyplectron arifolium","NT"
"69","Palmorchis imuyaensis","LC"
"70","Palmorchis trilobulata","LC"
"71","Panisea yunnanensis","EN"
"72","Paphiopedilum appletonianum","EN"
"73","Paphiopedilum armeniacum","EN"
"74","Paphiopedilum barbigerum","EN"
"75","Paphiopedilum bellatulum","EN"
"76","Paphiopedilum bullenianum","EN"
"77","Paphiopedilum concolor","EN"
"78","Paphiopedilum dianthum","EN"
"79","Paphiopedilum emersonii","CR"
"80","Paphiopedilum glanduliferum","EN"
"81","Paphiopedilum godefroyae","EN"
"82","Paphiopedilum gratrixianum","CR"
"83","Paphiopedilum hangianum","CR"
"84","Paphiopedilum haynaldianum","EN"
"85","Paphiopedilum helenae","CR"
"86","Paphiopedilum henryanum","CR"
"87","Paphiopedilum hirsutissimum","VU"
"88","Paphiopedilum hookerae","EN"
"89","Paphiopedilum insigne","EN"
"90","Paphiopedilum javanicum","EN"
"91","Paphiopedilum lowii","EN"
"92","Paphiopedilum malipoense","EN"
"93","Paphiopedilum micranthum","CR"
"94","Paphiopedilum niveum","EN"
"95","Paphiopedilum parishii","EN"
"96","Paphiopedilum purpuratum","CR"
"97","Paphiopedilum rothschildianum","CR"
"98","Paphiopedilum sanderianum","CR"
"99","Paphiopedilum schoseri","CR"
"100","Paphiopedilum stonei","CR"
"101","Paphiopedilum supardii","CR"
"102","Paphiopedilum tonsum","EN"
"103","Paphiopedilum victoria-regina","CR"
"104","Paphiopedilum vietnamense","CR"
"105","Paphiopedilum villosum","VU"
"106","Paphiopedilum violascens","EN"
"107","Paphiopedilum wilhelminae","EN"
"108","Pedilochilus papuanus","LC"
"109","Pelexia orthosepala","LC"
"110","Peristylus aristatus","LC"
"111","Brassia lanceana","LC"
"112","Brassia maculata","LC"
"113","Phalaenopsis violacea","VU"
"114","Pholidota camelostalix","LC"
"115","Pholidota chinensis","NT"
"116","Pholidota globosa","LC"
"117","Phragmipedium besseae","EN"
"118","Phragmipedium boissierianum","LC"
"119","Phragmipedium caricinum","NT"
"120","Phragmipedium caudatum","EN"
"121","Phragmipedium hirtzii","EN"
"122","Phragmipedium humboldtii","VU"
"123","Brassia verrucosa","LC"
"124","Phragmipedium klotzschianum","EN"
"125","Phragmipedium lindenii","LC"
"126","Phragmipedium lindleyanum","VU"
"127","Phragmipedium longifolium","LC"
"128","Phragmipedium pearcei","LC"
"129","Phragmipedium sargentianum","EN"
"130","Phragmipedium schlimii","EN"
"131","Phragmipedium vittatum","LC"
"132","Phragmipedium warszewiczianum","VU"
"133","Brassia wageneri","LC"
"134","Phreatia plantaginifolia","LC"
"135","Physoceras boryanum","EN"
"136","Pinalia fitzalanii","LC"
"137","Platanthera algeriensis","NT"
"138","Platanthera blephariglottis","LC"
"139","Platanthera chapmanii","VU"
"140","Platanthera chorisiana","LC"
"141","Platanthera clavellata","LC"
"142","Bromheadia finlaysoniana","LC"
"143","Platanthera finetiana","VU"
"144","Platanthera huronensis","LC"
"145","Platanthera hyperborea","LC"
"146","Platanthera integrilabia","NT"
"147","Platanthera leucophaea","LC"
"148","Platanthera micrantha","EN"
"149","Platanthera oreophila","VU"
"150","Platanthera praeclara","EN"
"151","Platanthera tipuloides","LC"
"152","Platanthera yadonii","VU"
"153","Platycoryne mediocris","LC"
"154","Platylepis grandiflora","LC"
"155","Broughtonia negrilensis","EN"
"156","Platystele minimiflora","LC"
"157","Pleione chunii","VU"
"158","Pleione formosana","VU"
"159","Pleione forrestii","EN"
"160","Bryobium eriaeoides","LC"
"161","Bulbophyllum aggregatum","VU"
"162","Pleurothallis rowleei","LC"
"163","Bulbophyllum alveatum","VU"
"164","Plocoglottis borneensis","LC"
"165","Plocoglottis copelandii","LC"
"166","Podochilus khasianus","LC"
"167","Pogonia ophioglossoides","LC"
"168","Polystachya acuminata","CR"
"169","Polystachya albescens","LC"
"170","Polystachya bicalcarata","VU"
"171","Bulbophyllum analamazoatrae","NT"
"172","Polystachya caespitifica","LC"
"173","Polystachya canaliculata","CR"
"174","Polystachya caudata","EN"
"175","Polystachya cooperi","EN"
"176","Polystachya disiformis","EN"
"177","Polystachya doggettii","LC"
"178","Polystachya eurygnatha","EN"
"179","Polystachya fischeri","EN"
"180","Polystachya geniculata","EN"
"181","Polystachya gracilenta","VU"
"182","Polystachya holstii","EN"
"183","Polystachya isochiloides","EN"
"184","Polystachya kupensis","CR"
"185","Polystachya lacroixiana","CR"
"186","Polystachya laurentii","VU"
"187","Bulbophyllum anjozorobeense","EN"
"188","Polystachya longiscapa","EN"
"189","Polystachya maculata","CR"
"190","Polystachya mazumbaiensis","EN"
"191","Polystachya modesta","LC"
"192","Bulbophyllum ankylochele","LC"
"193","Polystachya nyanzensis","VU"
"194","Polystachya porphyrochila","CR"
"195","Polystachya praecipitis","EN"
"196","Bulbophyllum ankylorhinon","LC"
"197","Polystachya pudorina","EN"
"198","Bulbophyllum antennatum","LC"
"199","Polystachya rugosilabia","CR"
"200","Polystachya serpentina","EN"
"201","Polystachya shega","EN"
"202","Polystachya stauroglossa","VU"
"203","Polystachya subdiphylla","EN"
"204","Polystachya subumbellata","LC"
"205","Polystachya superposita","EN"
"206","Polystachya teitensis","EN"
"207","Polystachya tenella","LC"
"208","Polystachya testuana","NT"
"209","Polystachya uluguruensis","EN"
"210","Polystachya undulata","EN"
"211","Polystachya valentina","LC"
"212","Polystachya victoriae","CR"
"213","Polystachya woosnamii","VU"
"214","Polystachya xerophila","EN"
"215","Pomatocalpa maculosum","LC"
"216","Porroglossum muscosum","LC"
"217","Prasophyllum favonium","CR"
"218","Bulbophyllum atrosanguineum","VU"
"219","Prasophyllum giganteum","LC"
"220","Prasophyllum mimulum","LC"
"221","Bulbophyllum auriflorum","EN"
"222","Prescottia lojana","LC"
"223","Bulbophyllum ballii","LC"
"224","Bulbophyllum baronii","LC"
"225","Bulbophyllum betchei","LC"
"226","Psychilis macconnelliae","NT"
"227","Psychilis olivacea","VU"
"228","Bulbophyllum bicoloratum","LC"
"229","Bulbophyllum bifarium","VU"
"230","Pterostylis acuminata","LC"
"231","Bulbophyllum bigibbum","LC"
"232","Pterostylis erecta","LC"
"233","Bulbophyllum bliteum","EN"
"234","Pterostylis hispidula","LC"
"235","Pterostylis humilis","LC"
"236","Pterostylis mutica","LC"
"237","Pterostylis praetermissa","LC"
"238","Bulbophyllum brachypetalum","LC"
"239","Pterostylis squamata","LC"
"240","Bulbophyllum brassii","LC"
"241","Bulbophyllum breviflorum","NT"
"242","Restrepia trichoglossa","LC"
"243","Rhipidoglossum bilobatum","VU"
"244","Rhipidoglossum globulosocalcaratum","EN"
"245","Rhipidoglossum polydactylum","VU"
"246","Bulbophyllum bryophilum","EN"
"247","Bulbophyllum callichroma","LC"
"248","Bulbophyllum callosum","EN"
"249","Sarcochilus falcatus","LC"
"250","Bulbophyllum calviventer","LC"
"251","Bulbophyllum calvum","VU"
"252","Bulbophyllum calyptropus","VU"
"253","Satyrium ecalcaratum","LC"
"254","Satyrium flavum","LC"
"255","Satyrium trinerve","LC"
"256","Bulbophyllum cardiobulbum","EN"
"257","Bulbophyllum cateorum","LC"
"258","Scaphyglottis sickii","LC"
"259","Bulbophyllum cauliflorum","LC"
"260","Schizochilus lepidus","VU"
"261","Bulbophyllum ceriodorum","CR"
"262","Selenipedium aequinoctiale","EN"
"263","Selenipedium chica","EN"
"264","Selenipedium palmifolium","NT"
"265","Selenipedium steyermarkii","EN"
"266","Serapias neglecta","NT"
"267","Serapias nurrica","NT"
"268","Serapias perez-chiscanoi","LC"
"269","Sirhookera lanceolata","LC"
"270","Skeptrostachys arechavaletanii","LC"
"271","Sobralia stenophylla","LC"
"272","Spathoglottis petri","LC"
"273","Specklinia brighamii","LC"
"274","Specklinia corniculata","LC"
"275","Specklinia picta","LC"
"276","Spiranthes brevilabris","EN"
"277","Spiranthes casei","LC"
"278","Spiranthes diluvialis","LC"
"279","Spiranthes infernalis","NT"
"280","Spiranthes romanzoffiana","LC"
"281","Spiranthes sinensis","LC"
"282","Bulbophyllum colliferum","LC"
"283","Spiranthes torta","LC"
"284","Bulbophyllum concatenatum","EN"
"285","Stelis immersa","LC"
"286","Bulbophyllum cruttwellii","LC"
"287","Stelis ruprechtiana","LC"
"288","Bulbophyllum cycloglossum","LC"
"289","Stelis tenuilabris","LC"
"290","Bulbophyllum debile","EN"
"291","Stolzia angustifolia","EN"
"292","Stolzia atrorubra","EN"
"293","Stolzia christopheri","EN"
"294","Stolzia leedalii","EN"
"295","Stolzia moniliformis","EN"
"296","Stolzia oligantha","EN"
"297","Stolzia viridis","EN"
"298","Bulbophyllum dekockii","LC"
"299","Bulbophyllum delitescens","LC"
"300","Taeniophyllum gracillimum","LC"
"301","Bulbophyllum dendrochiloides","LC"
"302","Telipogon biolleyi","NT"
"303","Bulbophyllum desmotrichoides","LC"
"304","Bulbophyllum discolor","LC"
"305","Thelymitra cyanea","LC"
"306","Thelymitra papuana","LC"
"307","Tolumnia prionochila","NT"
"308","Tolumnia variegata","LC"
"309","Triceratorhynchus viridiflorus","VU"
"310","Bulbophyllum encephalodes","LC"
"311","Trichoglottis smithii","LC"
"312","Trichoglottis tenuis","EN"
"313","Trichoglottis winkleri","LC"
"314","Trichopilia marginata","LC"
"315","Trichopilia turialbae","LC"
"316","Bulbophyllum erinaceum","LC"
"317","Bulbophyllum erythroglossum","CR"
"318","Trichotosia mollicaulis","LC"
"319","Tridactyle brevifolia","EN"
"320","Tridactyle cruciformis","EN"
"321","Tridactyle flabellata","LC"
"322","Tridactyle minuta","EN"
"323","Tridactyle phaeocephala","LC"
"324","Tridactyle sarcodantha","CR"
"325","Tridactyle stevartiana","LC"
"326","Tridactyle tanneri","EN"
"327","Bulbophyllum fayi","VU"
"328","Triphora yucatanensis","EN"
"329","Tropidia saprophytica","LC"
"330","Tylostigma filiforme","CR"
"331","Tylostigma herminioides","CR"
"332","Tylostigma hildebrandtii","EN"
"333","Tylostigma madagascariense","CR"
"334","Tylostigma nigrescens","EN"
"335","Vanda hindsii","LC"
"336","Vanda scandens","EN"
"337","Vanda tessellata","LC"
"338","Vanilla cribbiana","CR"
"339","Vanilla hartii","EN"
"340","Vanilla inodora","EN"
"341","Vanilla insignis","EN"
"342","Bulbophyllum fonsflorum","LC"
"343","Vanilla odorata","EN"
"344","Vanilla phaeantha","EN"
"345","Vanilla planifolia","EN"
"346","Vanilla pompona","EN"
"347","Bulbophyllum fractiflexum","LC"
"348","Yoania japonica","LC"
"349","Zeuxine amboinensis","LC"
"350","Zeuxine odorata","NT"
"351","Zeuxine strateumatica","LC"
"352","Zygopetalum crinitum","LC"
"353","Bulbophyllum grammopoma","LC"
"354","Bulbophyllum gravidum","VU"
"355","Bulbophyllum gyaloglossum","LC"
"356","Bulbophyllum hamelinii","VU"
"357","Bulbophyllum hirsutiusculum","CR"
"358","Bulbophyllum hirudiniferum","VU"
"359","Bulbophyllum horizontale","EN"
"360","Bulbophyllum imitator","LC"
"361","Bulbophyllum ischnopus","LC"
"362","Bulbophyllum jaapii","CR"
"363","Bulbophyllum jumelleanum","EN"
"364","Bulbophyllum kainochiloides","EN"
"365","Bulbophyllum latisepalum","LC"
"366","Bulbophyllum leniae","LC"
"367","Bulbophyllum leopardinum","LC"
"368","Bulbophyllum lepanthiflorum","LC"
"369","Bulbophyllum leptoleucum","LC"
"370","Bulbophyllum leucothyrsus","LC"
"371","Bulbophyllum lizae","EN"
"372","Bulbophyllum macilentum","LC"
"373","Bulbophyllum macneiceae","NT"
"374","Bulbophyllum macranthum","LC"
"375","Bulbophyllum macrorhopalon","LC"
"376","Bulbophyllum macrourum","LC"
"377","Bulbophyllum mediocre","EN"
"378","Bulbophyllum mesodon","LC"
"379","Bulbophyllum minax","CR"
"380","Bulbophyllum minutipetalum","LC"
"381","Bulbophyllum minutissimum","LC"
"382","Bulbophyllum mischobulbon","NT"
"383","Bulbophyllum moratii","CR"
"384","Bulbophyllum multiflorum","VU"
"385","Bulbophyllum myon","LC"
"386","Bulbophyllum nigericum","VU"
"387","Bulbophyllum octarrhenipetalum","LC"
"388","Bulbophyllum oliganthum","LC"
"389","Bulbophyllum olivinum","LC"
"390","Bulbophyllum oreodoxa","LC"
"391","Bulbophyllum ortalis","LC"
"392","Bulbophyllum pachytelos","LC"
"393","Bulbophyllum paleiferum","EN"
"394","Bulbophyllum pandanetorum","EN"
"395","Bulbophyllum patella","NT"
"396","Bulbophyllum peltopus","LC"
"397","Bulbophyllum peyrotii","VU"
"398","Bulbophyllum phormion","LC"
"399","Bulbophyllum pidacanthum","LC"
"400","Bulbophyllum porphyrostachys","NT"
"401","Bulbophyllum posticum","LC"
"402","Bulbophyllum quasimodo","LC"
"403","Bulbophyllum radicans","LC"
"404","Bulbophyllum reevei","LC"
"405","Bulbophyllum regnellii","LC"
"406","Bulbophyllum renkinianum","LC"
"407","Bulbophyllum restrepia","LC"
"408","Bulbophyllum rhodoleucum","LC"
"409","Bulbophyllum rubrolabellum","EN"
"410","Bulbophyllum rubrum","VU"
"411","Bulbophyllum sandrangatense","VU"
"412","Bulbophyllum sceliphron","CR"
"413","Bulbophyllum scopa","LC"
"414","Bulbophyllum scutiferum","LC"
"415","Aerangis gracillima","LC"
"416","Bulbophyllum simile","LC"
"417","Aerangis hyaloides","VU"
"418","Bulbophyllum stipulaceum","LC"
"419","Bulbophyllum subligaculiferum","EN"
"420","Bulbophyllum subpatulum","LC"
"421","Bulbophyllum sulfureum","EN"
"422","Bulbophyllum tampoketsense","CR"
"423","Bulbophyllum tarantula","NT"
"424","Aerangis macrocentra","NT"
"425","Bulbophyllum thelantyx","VU"
"426","Bulbophyllum tinekeae","EN"
"427","Aerangis megaphylla","CR"
"428","Bulbophyllum tokioi","EN"
"429","Bulbophyllum trachypus","LC"
"430","Bulbophyllum trifilum","LC"
"431","Aerangis monantha","EN"
"432","Bulbophyllum trirhopalon","NT"
"433","Bulbophyllum uroplatoides","CR"
"434","Aerangis pallidiflora","VU"
"435","Bulbophyllum xanthochlamys","LC"
"436","Bulbophyllum zaratananae","EN"
"437","Aerangis punctata","NT"
"438","Bulleyia yunnanensis","EN"
"439","Aerangis seegeri","VU"
"440","Caladenia brownii","LC"
"441","Caladenia catenata","LC"
"442","Caladenia citrina","LC"
"443","Caladenia cracens","LC"
"444","Caladenia dimorpha","LC"
"445","Caladenia dundasiae","VU"
"446","Aeranthes angustidens","VU"
"447","Aeranthes antennophora","EN"
"448","Caladenia hastata","CR"
"449","Caladenia incensa","LC"
"450","Aeranthes ecalcarata","LC"
"451","Caladenia mesocera","LC"
"452","Aeranthes leandriana","CR"
"453","Caladenia radialis","LC"
"454","Caladenia radiata","LC"
"455","Aeranthes multinodis","CR"
"456","Caladenia splendens","LC"
"457","Aeranthes polyanthemus","EN"
"458","Calanthe caulescens","LC"
"459","Aeranthes schlechteri","VU"
"460","Calanthe ecallosa","EN"
"461","Calanthe fargesii","VU"
"462","Aeranthes setipes","EN"
"463","Aeranthes strangulata","VU"
"464","Calanthe madagascariensis","LC"
"465","Aeranthes tropophila","EN"
"466","Calanthe versteegii","LC"
"467","Calopogon multiflorus","LC"
"468","Calopogon tuberosus","LC"
"469","Campylocentrum tyrridion","LC"
"470","Catasetum barbatum","LC"
"471","Catasetum tuberculatum","LC"
"472","Ceratostylis anceps","LC"
"473","Ceratostylis micrantha","NT"
"474","Chamorchis alpina","LC"
"475","Changnienia amoena","EN"
"476","Cheirostylis bidentata","LC"
"477","Cheirostylis notialis","VU"
"478","Agrostophyllum cyathiforme","LC"
"479","Claderia viridiflora","LC"
"480","Cleistes ionoglossa","LC"
"481","Cochleanthes trinitatis","EN"
"482","Coelogyne foerstermannii","LC"
"483","Agrostophyllum laterale","VU"
"484","Coelogyne rigida","LC"
"485","Conchidium pusillum","LC"
"486","Corallorhiza bentleyi","VU"
"487","Corybas dienemus","CR"
"488","Corybas gastrosiphon","LC"
"489","Corycium flanaganii","LC"
"490","Crepidium kabense","CR"
"491","Crepidium quadridens","LC"
"492","Cribbia pendula","EN"
"493","Cribbia thomensis","EN"
"494","Cryptopus brachiatus","EN"
"495","Cryptopus dissectus","CR"
"496","Cryptopus paniculatus","EN"
"497","Altensteinia longispicata","VU"
"498","Cyclopogon longibracteatus","LC"
"499","Amitostigma capitatum","EN"
"500","Amitostigma hemipilioides","EN"
"501","Amitostigma simplex","EN"
"502","Cymbidium tracyanum","LC"
"503","Amitostigma tetralobum","EN"
"504","Cynorkis ambondrombensis","CR"
"505","Cynorkis aphylla","EN"
"506","Cynorkis aurantiaca","EN"
"507","Cynorkis bimaculata","CR"
"508","Anacamptis boryi","VU"
"509","Cynorkis buchwaldiana","NT"
"510","Cynorkis cuneilabia","EN"
"511","Cynorkis elata","EN"
"512","Cynorkis formosa","CR"
"513","Cynorkis gabonensis","NT"
"514","Cynorkis gibbosa","LC"
"515","Cynorkis gigas","LC"
"516","Cynorkis globifera","CR"
"517","Cynorkis gymnochiloides","EN"
"518","Cynorkis henrici","CR"
"519","Cynorkis humbertii","CR"
"520","Cynorkis lindleyana","LC"
"521","Cynorkis marojejyensis","CR"
"522","Cynorkis monadenia","CR"
"523","Cynorkis muscicola","CR"
"524","Cynorkis perrieri","EN"
"525","Cynorkis peyrotii","LC"
"526","Cynorkis pinguicularioides","CR"
"527","Cynorkis pleistadenia","LC"
"528","Cynorkis pseudorolfei","CR"
"529","Cynorkis purpurea","LC"
"530","Cynorkis quinqueloba","EN"
"531","Cynorkis rolfei","CR"
"532","Cynorkis rungweensis","VU"
"533","Cynorkis sacculata","CR"
"534","Cynorkis sambiranoensis","EN"
"535","Cynorkis stolonifera","EN"
"536","Cynorkis sylvatica","CR"
"537","Cynorkis tenerrima","EN"
"538","Cynorkis tristis","CR"
"539","Cynorkis uncata","VU"
"540","Cynorkis zaratananae","EN"
"541","Cypripedium acaule","LC"
"542","Anacamptis palustris","LC"
"543","Cypripedium arietinum","NT"
"544","Cypripedium bardolphianum","VU"
"545","Cypripedium calceolus","LC"
"546","Cypripedium calcicola","EN"
"547","Cypripedium californicum","EN"
"548","Cypripedium candidum","VU"
"549","Cypripedium cordigerum","VU"
"550","Cypripedium debile","VU"
"551","Cypripedium elegans","EN"
"552","Cypripedium fargesii","EN"
"553","Cypripedium farreri","EN"
"554","Cypripedium fasciculatum","VU"
"555","Cypripedium fasciolatum","EN"
"556","Cypripedium flavum","VU"
"557","Cypripedium formosanum","EN"
"558","Cypripedium forrestii","EN"
"559","Cypripedium franchetii","EN"
"560","Cypripedium guttatum","LC"
"561","Cypripedium henryi","VU"
"562","Cypripedium himalaicum","EN"
"563","Cypripedium irapeanum","VU"
"564","Cypripedium japonicum","EN"
"565","Cypripedium kentuckiense","VU"
"566","Cypripedium lichiangense","EN"
"567","Cypripedium ludlowii","EN"
"568","Cypripedium macranthos","LC"
"569","Cypripedium margaritaceum","EN"
"570","Cypripedium molle","NT"
"571","Cypripedium montanum","VU"
"572","Cypripedium palangshanense","VU"
"573","Cypripedium parviflorum","LC"
"574","Cypripedium passerinum","VU"
"575","Cypripedium plectrochilum","VU"
"576","Cypripedium reginae","LC"
"577","Cypripedium segawae","CR"
"578","Cypripedium shanxiense","NT"
"579","Anacamptis sancta","LC"
"580","Cypripedium taibaiense","CR"
"581","Cypripedium tibeticum","LC"
"582","Cypripedium wardii","EN"
"583","Cypripedium yatabeanum","NT"
"584","Cypripedium yunnanense","EN"
"585","Cyrtochilum halteratum","LC"
"586","Cyrtopodium brandonianum","LC"
"587","Cyrtorchis glaucifolia","EN"
"588","Dactylorhiza baumanniana","NT"
"589","Dactylorhiza cordigera","LC"
"590","Dactylorhiza elata","NT"
"591","Dactylorhiza euxina","NT"
"592","Dactylorhiza foliosa","LC"
"593","Dactylorhiza kalopissii","EN"
"594","Dactylorhiza lapponica","LC"
"595","Dactylorhiza sambucina","LC"
"596","Dactylorhiza urvilleana","LC"
"597","Dendrobium aberrans","LC"
"598","Dendrobium alexandrae","NT"
"599","Dendrobium aloifolium","LC"
"600","Dendrobium amphigenyum","LC"
"601","Dendrobium aphyllum","LC"
"602","Dendrobium archipelagense","LC"
"603","Anathallis minutalis","LC"
"604","Dendrobium armeniacum","LC"
"605","Dendrobium atroviolaceum","VU"
"606","Dendrobium bensoniae","LC"
"607","Dendrobium brevicaule","LC"
"608","Dendrobium bulbophylloides","LC"
"609","Dendrobium cochliodes","LC"
"610","Dendrobium crassilabium","NT"
"611","Dendrobium crispilinguum","VU"
"612","Dendrobium cruttwellii","LC"
"613","Dendrobium cuthbertsonii","LC"
"614","Dendrobium cyanocentrum","LC"
"615","Dendrobium dekockii","LC"
"616","Dendrobium dendrocolloides","LC"
"617","Dendrobium dissitifolium","LC"
"618","Dendrobium engae","LC"
"619","Dendrobium eximium","LC"
"620","Ancistrochilus thomsonianus","LC"
"621","Acianthera chrysantha","LC"
"622","Dendrobium finisterrae","LC"
"623","Dendrobium forbesii","LC"
"624","Dendrobium geotropum","VU"
"625","Ancistrorhynchus crystalensis","EN"
"626","Dendrobium habbemense","LC"
"627","Ancistrorhynchus laxiflorus","VU"
"628","Dendrobium hamiferum","LC"
"629","Dendrobium helix","NT"
"630","Dendrobium hellwigianum","LC"
"631","Ancistrorhynchus parviflorus","LC"
"632","Dendrobium incurvum","LC"
"633","Ancistrorhynchus refractus","EN"
"634","Dendrobium kauldorumii","EN"
"635","Ancistrorhynchus serratus","NT"
"636","Dendrobium lancifolium","LC"
"637","Dendrobium lancilabium","LC"
"638","Dendrobium lasianthera","LC"
"639","Ancistrorhynchus tenuicaulis","VU"
"640","Dendrobium leptocladum","EN"
"641","Dendrobium leucohybos","LC"
"642","Dendrobium lineale","LC"
"643","Dendrobium litorale","LC"
"644","Dendrobium lohohense","EN"
"645","Dendrobium margaretiae","LC"
"646","Dendrobium mayandyi","LC"
"647","Dendrobium melinanthum","LC"
"648","Dendrobium merrillii","LC"
"649","Dendrobium minutiflorum","EN"
"650","Dendrobium nardoides","LC"
"651","Angraecopsis cryptantha","VU"
"652","Dendrobium otaguroanum","LC"
"653","Angraecopsis lisowskii","EN"
"654","Angraecopsis parva","VU"
"655","Dendrobium poneroides","LC"
"656","Dendrobium putnamii","LC"
"657","Angraecopsis tenerrima","EN"
"658","Angraecopsis tridens","NT"
"659","Dendrobium rigidifolium","LC"
"660","Dendrobium rupestre","LC"
"661","Angraecum alleizettei","EN"
"662","Dendrobium simplex","LC"
"663","Angraecum amplexicaule","EN"
"664","Dendrobium subuliferum","LC"
"665","Dendrobium sulphureum","LC"
"666","Dendrobium tangerinum","VU"
"667","Dendrobium tapiniense","VU"
"668","Dendrobium terrestre","LC"
"669","Angraecum angustum","EN"
"670","Angraecum ankeranense","EN"
"671","Angraecum aporoides","LC"
"672","Dendrobium williamsianum","NT"
"673","Angraecum atlanticum","NT"
"674","Dendrobium wisselense","LC"
"675","Angraecum bancoense","LC"
"676","Angraecum bicallosum","EN"
"677","Dendrochilum foxworthyi","VU"
"678","Dendrochilum gracile","LC"
"679","Dendrochilum imitator","VU"
"680","Dendrochilum loheri","EN"
"681","Dendrochilum longipedicellatum","VU"
"682","Dendrochilum tuberculatum","EN"
"683","Angraecum compactum","LC"
"684","Didymoplexis africana","LC"
"685","Angraecum cornucopiae","EN"
"686","Angraecum coutrixii","EN"
"687","Angraecum cribbianum","CR"
"688","Disa bodkinii","LC"
"689","Disa chimanimaniensis","LC"
"690","Angraecum curvipes","EN"
"691","Disa erubescens","LC"
"692","Disa extinctoria","NT"
"693","Angraecum danguyanum","VU"
"694","Angraecum dendrobiopsis","VU"
"695","Angraecum distichum","LC"
"696","Angraecum doratophyllum","EN"
"697","Disa thodei","LC"
"698","Disa walleri","LC"
"699","Disperis aphylla","VU"
"700","Disperis bosseri","CR"
"701","Disperis ciliata","CR"
"702","Angraecum egertonii","VU"
"703","Disperis egregia","CR"
"704","Disperis elaphoceras","LC"
"705","Disperis erucifera","EN"
"706","Disperis kamerunensis","EN"
"707","Disperis kerstenii","EN"
"708","Disperis lanceolata","EN"
"709","Disperis majungensis","EN"
"710","Disperis masoalensis","EN"
"711","Disperis mildbraedii","VU"
"712","Disperis nitida","EN"
"713","Diuris byronensis","CR"
"714","Angraecum gabonense","LC"
"715","Angraecum humbertii","EN"
"716","Angraecum humblotianum","EN"
"717","Dracula ripleyana","NT"
"718","Dryadella minuscula","LC"
"719","Angraecum mahavavense","CR"
"720","Elleanthus oliganthus","LC"
"721","Angraecum moratii","EN"
"722","Encyclia kingsii","CR"
"723","Encyclia osmantha","LC"
"724","Angraecum obesum","EN"
"725","Encyclia phoenicea","LC"
"726","Encyclia spatella","LC"
"727","Angraecum penzigianum","NT"
"728","Epidendrum anthoceros","LC"
"729","Angraecum perhumile","CR"
"730","Angraecum peyrotii","CR"
"731","Angraecum pinifolium","EN"
"732","Angraecum podochiloides","LC"
"733","Angraecum potamophilum","CR"
"734","Epidendrum capricornu","LC"
"735","Epidendrum carnevalii","LC"
"736","Angraecum protensum","EN"
"737","Angraecum pseudodidieri","EN"
"738","Angraecum pseudofilicornu","VU"
"739","Epidendrum cocoense","NT"
"740","Angraecum pungens","VU"
"741","Epidendrum criniferum","LC"
"742","Angraecum pyriforme","VU"
"743","Epidendrum diothonaeoides","VU"
"744","Angraecum rigidifolium","CR"
"745","Angraecum rubellum","CR"
"746","Epidendrum geminiflorum","LC"
"747","Angraecum sambiranoense","EN"
"748","Epidendrum gentryi","LC"
"749","Angraecum sanfordii","EN"
"750","Epidendrum hombersleyi","VU"
"751","Angraecum serpens","CR"
"752","Angraecum setipes","VU"
"753","Epidendrum insulanum","NT"
"754","Angraecum sterrophyllum","CR"
"755","Angraecum subulatum","LC"
"756","Epidendrum microphyllum","LC"
"757","Angraecum triangulifolium","EN"
"758","Epidendrum oerstedii","LC"
"759","Anguloa cliftonii","CR"
"760","Epidendrum proligerum","LC"
"761","Epidendrum ramosum","LC"
"762","Epidendrum syringothyrsus","LC"
"763","Epidendrum tigriphyllum","EN"
"764","Epipactis albensis","LC"
"765","Epipactis gigantea","LC"
"766","Epipactis greuteri","EN"
"767","Anoectochilus sandvicensis","VU"
"768","Epipactis leptochila","LC"
"769","Epipactis muelleri","LC"
"770","Epipactis nordeniorum","VU"
"771","Epipactis palustris","LC"
"772","Epipactis phyllanthes","LC"
"773","Epipactis placentina","EN"
"774","Epipactis purpurata","LC"
"775","Epipactis troodi","EN"
"776","Epipactis veratrifolia","LC"
"777","Anoectochilus zhejiangensis","EN"
"778","Eria bidupensis","EN"
"779","Ansellia africana","VU"
"780","Eria carinata","LC"
"781","Erythrodes blumei","LC"
"782","Erythrorchis altissima","LC"
"783","Eulophia coddii","EN"
"784","Eulophia fernandeziana","EN"
"785","Eulophia filifolia","EN"
"786","Eulophia grandidieri","CR"
"787","Eulophia katangensis","LC"
"788","Eulophia mangenotiana","CR"
"789","Eulophia nervosa","CR"
"790","Eulophia ramosa","LC"
"791","Eulophia reticulata","LC"
"792","Eulophia speciosa","LC"
"793","Galeottia fimbriata","LC"
"794","Gastrochilus calceolaris","CR"
"795","Appendicula calcarata","LC"
"796","Gastrodia africana","CR"
"797","Gastrodia elata","VU"
"798","Gastrorchis tuberculosa","EN"
"799","Genyorchis platybulbon","CR"
"800","Geodorum recurvum","LC"
"801","Glomera compressa","LC"
"802","Glomera oligantha","LC"
"803","Glomera uniflora","LC"
"804","Gomesa sessilis","LC"
"805","Gomesa silvana","EN"
"806","Gonatostylis vieillardii","NT"
"807","Gongora arcuata","VU"
"808","Acianthera hondurensis","LC"
"809","Gongora portentosa","LC"
"810","Goodyera flaccida","CR"
"811","Goodyera macrophylla","CR"
"812","Appendicula longirostrata","LC"
"813","Goodyera perrieri","CR"
"814","Graphorkis medemiae","CR"
"815","Grosourdya quinquelobata","LC"
"816","Gymnadenia crassinervis","EN"
"817","Gymnadenia frivaldii","LC"
"818","Gymnadenia odoratissima","LC"
"819","Gymnadenia rhellicani","LC"
"820","Gymnadenia runei","NT"
"821","Habenaria armatissima","LC"
"822","Habenaria backeri","EN"
"823","Habenaria batesii","EN"
"824","Habenaria delavayi","VU"
"825","Habenaria dusenii","LC"
"826","Habenaria finetiana","VU"
"827","Habenaria fordii","VU"
"828","Appendicula tenuispica","NT"
"829","Habenaria glazioviana","LC"
"830","Habenaria holotricha","EN"
"831","Habenaria isoantha","EN"
"832","Habenaria jacobii","EN"
"833","Habenaria jaegeri","EN"
"834","Habenaria leptoloba","EN"
"835","Habenaria leucoceras","EN"
"836","Habenaria macrostele","NT"
"837","Habenaria mairei","VU"
"838","Habenaria maitlandii","CR"
"839","Habenaria microceras","NT"
"840","Habenaria monorrhiza","LC"
"841","Habenaria mossii","EN"
"842","Habenaria nigrescens","VU"
"843","Habenaria obovata","VU"
"844","Habenaria parviflora","LC"
"845","Arethusa bulbosa","LC"
"846","Habenaria plectromaniaca","VU"
"847","Habenaria pleiophylla","LC"
"848","Habenaria retroflexa","LC"
"849","Habenaria richardsiae","EN"
"850","Habenaria siamensis","VU"
"851","Habenaria socotrana","LC"
"852","Habenaria stylites","VU"
"853","Habenaria supplicans","LC"
"854","Habenaria thomana","VU"
"855","Habenaria tianae","EN"
"856","Habenaria tridactylites","LC"
"857","Habenaria virens","LC"
"858","Hammarbya paludosa","LC"
"859","Helonoma bifida","LC"
"860","Hemipilia flabellata","VU"
"861","Hemipilia forrestii","VU"
"862","Hemipilia henryi","EN"
"863","Hemipilia limprichtii","VU"
"864","Herminium ophioglossoides","VU"
"865","Hetaeria heterosepala","LC"
"866","Hexalectris revoluta","CR"
"867","Hexalectris warnockii","EN"
"868","Himantoglossum adriaticum","LC"
"869","Himantoglossum metlesicsianum","EN"
"870","Holcoglossum quasipinifolium","EN"
"871","Holothrix filicornis","LC"
"872","Holothrix socotrana","VU"
"873","Huntleya burtii","LC"
"874","Huntleya vargasii","NT"
"875","Isotria medeoloides","VU"
"876","Jumellea anjouanensis","EN"
"877","Jumellea stenophylla","LC"
"878","Lankesterella gnomus","NT"
"879","Leochilus leochilinus","LC"
"880","Lepanthes binaria","EN"
"881","Lepanthes lindleyana","LC"
"882","Acianthera malachantha","VU"
"883","Barbosella geminata","NT"
"884","Lepanthes mucronata","LC"
"885","Lepanthes prolifera","LC"
"886","Barkeria naevosa","LC"
"887","Lepanthes sinuosa","CR"
"888","Bartholina etheliae","VU"
"889","Basiphyllaea corallicola","LC"
